{"cameraMode":{"drawMode":0,"name":"Shaded","section":"Shading Mode"},"sceneLighting":true,"audioPlay":false,"sceneViewState":{"showFog":true,"showMaterialUpdate":false,"showSkybox":true,"showFlares":true,"showImageEffects":true,"showParticleSystems":true,"showVisualEffectGraphs":true,"m_FxEnabled":true},"in2DMode":false,"pivot":{"x":8.017807006835938,"y":-11.974405288696289,"z":22.834779739379884},"rotation":{"x":0.2494223564863205,"y":0.15176166594028474,"z":-0.03961081802845001,"w":0.9556211829185486},"size":17.896772384643556,"orthographic":false}