{"cameraMode":{"drawMode":0,"name":"Shaded","section":"Shading Mode"},"sceneLighting":true,"audioPlay":false,"sceneViewState":{"showFog":true,"showMaterialUpdate":false,"showSkybox":true,"showFlares":true,"showImageEffects":true,"showParticleSystems":true,"showVisualEffectGraphs":true,"m_FxEnabled":true},"in2DMode":false,"pivot":{"x":2.5819716453552248,"y":-0.16677570343017579,"z":5.533674240112305},"rotation":{"x":0.24065668880939485,"y":0.045108843594789508,"z":-0.011197453364729882,"w":0.9695000648498535},"size":9.706035614013672,"orthographic":false}