{"cameraMode":{"drawMode":0,"name":"Shaded","section":"Shading Mode"},"sceneLighting":true,"audioPlay":false,"sceneViewState":{"showFog":true,"showMaterialUpdate":false,"showSkybox":true,"showFlares":true,"showImageEffects":true,"showParticleSystems":true,"showVisualEffectGraphs":true,"m_FxEnabled":true},"in2DMode":false,"pivot":{"x":-0.11030358076095581,"y":-2.4541053771972658,"z":2.6261234283447267},"rotation":{"x":0.2438235878944397,"y":-0.007279842160642147,"z":0.0018274582689628006,"w":0.9698054194450378},"size":12.283912658691407,"orthographic":false}